cand_id,cand_name,spe_id,spe_nam,ele_type,can_office_state,can_office_dis,can_office,cand_pty_aff,exp_amo,exp_date,agg_amo,sup_opp,pur,pay,file_num,amndt_ind,tran_id,image_num,receipt_dat,fec_election_yr,prev_file_num,dissem_dt
"H6CA22208","BAINS, JASMEET","C00633248","314 Action Fund","P","CA","22","H","DEMOCRATIC PARTY","300000","05-MAY-26","500000","S","Advertising","Technicolor Campaigns","1979677","A2","500104796","202605279870288937","27-MAY-26","2026","1972863","06-MAY-26"
"H6CA22208","BAINS, JASMEET","C00633248","314 Action Fund","P","CA","22","H","DEMOCRATIC PARTY","300000","05-MAY-26","500000","S","Advertising","Technicolor Political","1972863","A1","500104796","202605069866841128","06-MAY-26","2026","1972851","06-MAY-26"
"H6CA22208","BAINS, JASMEET","C00633248","314 Action Fund","P","CA","22","H","DEMOCRATIC PARTY","300000","05-MAY-26","500000","S","Advertising","Technicolor Political","1972851","N","500104796","202605069866841104","06-MAY-26","2026","","06-MAY-26"
"H4CO08034","EVANS, TIMOTHY","C00633248","314 Action Fund","G","CO","08","H","REPUBLICAN PARTY","54218.08","28-SEP-26","253610.45","O","Direct Mail Services","Agency","2015681","N","500110183","202609309908496016","30-SEP-26","2026","","28-SEP-26"
"H6AZ05190","FEELY, THOMAS","C00633248","314 Action Fund","G","AZ","01","H","REPUBLICAN PARTY","11284.94","15-SEP-26","979088.94","O","Media Production","Declaration Media","2012527","N","500109937","202609179904273976","17-SEP-26","2026","","15-SEP-26"
"H6AZ05190","FEELY, THOMAS","C00633248","314 Action Fund","G","AZ","01","H","REPUBLICAN PARTY","185884","11-SEP-26","979088.94","O","Advertising & Media Production","AL Media LLC","2012527","N","500109938","202609179904273976","17-SEP-26","2026","","15-SEP-26"
"H6AZ05190","FEELY, THOMAS","C00633248","314 Action Fund","G","AZ","01","H","REPUBLICAN PARTY","781920","10-SEP-26","979088.94","O","Advertising & Media Production","Waterfront Strategies","2012527","N","500109936","202609179904273977","17-SEP-26","2026","","15-SEP-26"
"H0NJ07261","KEAN, THOMAS","C00633248","314 Action Fund","G","NJ","07","H","REPUBLICAN PARTY","63146.49","15-SEP-26","120285.15","O","Direct Mail Services","Mission Control, Inc.","2012530","N","500109940","202609179904273989","17-SEP-26","2026","","15-SEP-26"
"H0NJ07261","KEAN, THOMAS","C00633248","314 Action Fund","G","NJ","07","H","REPUBLICAN PARTY","56142.88","22-SEP-26","176428.03","O","Direct Mail Services","Mission Control, Inc.","2014850","N","500110131","202609239908388918","23-SEP-26","2026","","22-SEP-26"
"H0NJ07261","KEAN, THOMAS","C00633248","314 Action Fund","G","NJ","07","H","REPUBLICAN PARTY","33168.75","29-SEP-26","209596.78","O","Direct Mail Services","Mission Control, Inc.","2015681","N","500110182","202609309908496017","30-SEP-26","2026","","29-SEP-26"
"H0NJ07261","KEAN, THOMAS","C00633248","314 Action Fund","G","NJ","07","H","REPUBLICAN PARTY","57138.66","10-SEP-26","57138.66","O","Direct Mail Services","Mission Control, Inc.","2011340","N","500109894","202609109904181146","10-SEP-26","2026","","10-SEP-26"
"H2VA02064","KIGGANS, JENNIFER","C00633248","314 Action Fund","G","VA","02","H","REPUBLICAN PARTY","65687.79","30-SEP-26","224279.09","O","Direct Mail Services","GDA Wins, LLC","2015681","N","500110179","202609309908496016","30-SEP-26","2026","","30-SEP-26"
"H2VA02064","KIGGANS, JENNIFER","C00633248","314 Action Fund","G","VA","02","H","REPUBLICAN PARTY","74718.79","23-SEP-26","158591.3","O","Direct Mail Services","GDA Wins, LLC","2014850","N","500110129","202609239908388918","23-SEP-26","2026","","23-SEP-26"
"H2VA02064","KIGGANS, JENNIFER","C00633248","314 Action Fund","G","VA","02","H","REPUBLICAN PARTY","83872.51","18-SEP-26","83872.51","O","Direct Mail Services","GDA Wins, LLC","2013038","N","500109961","202609189904318510","18-SEP-26","2026","","18-SEP-26"
"H2CA03157","KILEY, KEVIN","C00633248","314 Action Fund","G","CA","06","H","OTHER","444974","18-SEP-26","444974","O","Advertising & Media Production","Technicolor Campaigns","2014848","N","500110132","202609239908388893","23-SEP-26","2026","","21-SEP-26"
"H2CA03157","KILEY, KEVIN","C00633248","314 Action Fund","G","CA","06","H","OTHER","480478","25-SEP-26","925452","O","Advertising & Media Production","Technicolor Campaigns","2015681","N","500110180","202609309908496017","30-SEP-26","2026","","29-SEP-26"
"H8IA02043","MILLER-MEEKS, MARIANNETTE","C00633248","314 Action Fund","G","IA","01","H","REPUBLICAN PARTY","121024","08-SEP-26","898624","O","Advertising & Media Production","Wavelength Strategy Inc.","2011148","N","500109569","202609099904168048","09-SEP-26","2026","","08-SEP-26"
"H8IA02043","MILLER-MEEKS, MARIANNETTE","C00633248","314 Action Fund","G","IA","01","H","REPUBLICAN PARTY","777600","02-SEP-26","898624","O","Advertising & Media Production","Waterfront Strategies","2011148","N","500109568","202609099904168048","09-SEP-26","2026","","08-SEP-26"
"H8IA02043","MILLER-MEEKS, MARIANNETTE JANE","C00633248","314 Action Fund","G","IA","01","H","REPUBLICAN PARTY","129982","14-SEP-26","1037379.76","O","Advertising & Media Production","Wavelength Strategy Inc.","2012528","N","500109939","202609179904273978","17-SEP-26","2026","","15-SEP-26"
"H8IA02043","MILLER-MEEKS, MARIANNETTE JANE","C00633248","314 Action Fund","G","IA","01","H","REPUBLICAN PARTY","8773.76","10-SEP-26","907397.76","O","Media Production","GPS Impact","2011299","N","500109890","202609109904180386","10-SEP-26","2026","","08-SEP-26"
"H6CO08013","RUTINEL, MANNY","C00633248","314 Action Fund","G","CO","08","H","DEMOCRATIC PARTY","56189","21-SEP-26","133980","S","Advertising & Media Production","Wavelength Strategy Inc.","2014850","N","500110130","202609239908388919","23-SEP-26","2026","","22-SEP-26"
"H6CO08013","RUTINEL, MANNY","C00633248","314 Action Fund","G","CO","08","H","DEMOCRATIC PARTY","58552","28-SEP-26","253610.45","S","Advertising & Media Production","Wavelength Strategy Inc.","2015681","N","500110181","202609309908496018","30-SEP-26","2026","","29-SEP-26"
"H6CO08013","RUTINEL, MANNY","C00633248","314 Action Fund","G","CO","08","H","DEMOCRATIC PARTY","6860.37","23-SEP-26","140840.37","S","Media Production","GPS Impact","2014899","N","500110134","202609239908389495","23-SEP-26","2026","","22-SEP-26"
"H6CO08013","RUTINEL, MANNY","C00633248","314 Action Fund","G","CO","08","H","DEMOCRATIC PARTY","56189","14-SEP-26","77791","S","Advertising & Media Production","Wavelength Strategy Inc.","2012532","N","500109941","202609179904274002","17-SEP-26","2026","","15-SEP-26"
"H6CO08013","RUTINEL, MANNY","C00633248","314 Action Fund","G","CO","08","H","DEMOCRATIC PARTY","21602","15-SEP-26","77791","S","In-Kind: Media Production","HMP","2012532","N","500109942","202609179904274002","17-SEP-26","2026","","15-SEP-26"
"H2AK01083","BEGICH, NICHOLAS","C90023581","907 INITIATIVE INC.","G","AK","00","H","REPUBLICAN PARTY","43358.75","15-SEP-26","62201.28","O","Digital Ad Buy and Ad Production (Estimate)","Ads for Good","2012870","N","F57.000002","202609179904302361","17-SEP-26","2026","",""
"H2AK01083","BEGICH, NICHOLAS","C90023581","907 INITIATIVE INC.","G","AK","00","H","REPUBLICAN PARTY","55015.19","17-SEP-26","62201.28","O","Digital Ad Buy and Ad Production (Estimate)","Ads for Good","2014703","N","F57.000002","202609219908383575","21-SEP-26","2026","",""
"H2AK01083","BEGICH, NICHOLAS","C90023581","907 INITIATIVE INC.","G","AK","00","H","REPUBLICAN PARTY","56651.05","19-SEP-26","173867.52","O","Digital Ad Buy and Ad Production (Estimate)","Ads for Good","2014700","N","F57.000002","202609219908383568","21-SEP-26","2026","",""
"H2AK01083","BEGICH, NICHOLAS","C90023581","907 Initiative Inc.","G","AK","00","H","REPUBLICAN PARTY","55015.19","17-SEP-26","62201.28","O","Digital Ad Buy and Ad Production (Estimate)","Ads for Good","2014732","N","F57.000002","202609229908384060","21-SEP-26","2026","",""
"H2AK01083","BEGICH, NICHOLAS","C90023581","907 Initiative Inc.","G","AK","00","H","REPUBLICAN PARTY","43358.75","15-SEP-26","62201.28","O","Digital Ad Buy and Ad Production (Estimate)","Ads for Good","2012943","N","F57.000002","202609189904311248","17-SEP-26","2026","",""
"H2AK01083","BEGICH, NICHOLAS","C90023581","907 Initiative Inc.","G","AK","00","H","REPUBLICAN PARTY","18842.53","11-SEP-26","18842.53","O","Digital Ad Buy and Ad Production (Estimate)","Ads for Good","2012134","N","F57.000002","202609169904217932","15-SEP-26","2026","",""
"S4AK00214","SULLIVAN, DAN","C90023581","907 INITIATIVE INC.","G","AK","00","S","REPUBLICAN PARTY","107364.14","17-SEP-26","240817.49","O","Digital Ad Buy and Ad Production (Estimate)","Ads for Good","2014703","N","F57.000001","202609219908383575","21-SEP-26","2026","",""
"H2NC02287","Davis, Don","C00853770","A STRONG INNOVATION ECONOMY REQUIRES STRONG IP PROTECTION","G","NC","01","H","DEMOCRATIC PARTY","99995","25-AUG-26","99995","S","Media Advertising","Targeted Platform Media, LLC","2009641","N","WFT20267251153-1","202608259903386398","25-AUG-26","2026","","25-AUG-26"
"H2OH01194","Landsman, Greg","C00853770","A STRONG INNOVATION ECONOMY REQUIRES STRONG IP PROTECTION","G","OH","01","H","DEMOCRATIC PARTY","240000","16-SEP-26","240000","S","Media Advertising","Targeted Platform Media, LLC","2012205","N","WFT20268161154-1","202609169904220132","16-SEP-26","2026","","16-SEP-26"
"H2CA03157","Kiley, Kevin","C00853770","A STRONG INNOVATION ECONOMY REQUIRES STRONG IP PROTECTION","G","CA","06","H","OTHER","291758","22-SEP-26","362646.41","S","Digital Media Advertising","Drive Public Affairs","2014744","N","WFT20268221112-1","202609229908384129","22-SEP-26","2026","","22-SEP-26"
"H6IA02237","MITCHELL, JOE","C00492140","AB PAC","G","IA","02","H","REPUBLICAN PARTY","34696.99","","488320.96","O","Mail- Estimated Cost","Berni Consulting LLC","2009572","A1","501348355","202608249903385564","24-AUG-26","2026","2003832","01-AUG-26"
"H6IA02237","MITCHELL, JOE","C00492140","AB PAC","G","IA","02","H","REPUBLICAN PARTY","34696.99","","488320.96","O","Mail- Estimated Cost","Berni Consulting LLC","2003832","N","501348352","202608039899321481","03-AUG-26","2026","","01-AUG-26"
"H6IA02237","MITCHELL, JOE","C00492140","AB PAC","G","IA","02","H","REPUBLICAN PARTY","100000","","892779.75","O","Digital Advertising- Estimated Cost","Berni Consulting LLC","2016124","N","501359814","202610019908503368","01-OCT-26","2026","","29-SEP-26"
"H6IA02237","MITCHELL, JOE","C00492140","AB PAC","G","IA","02","H","REPUBLICAN PARTY","150021","","189537.33","O","Digital Advertising- Estimated Cost","Berni Consulting LLC","1982645","N","501333474","202606119870607845","11-JUN-26","2026","","09-JUN-26"
"H6IA02237","MITCHELL, JOE","C00492140","AB PAC","G","IA","02","H","REPUBLICAN PARTY","20143","","189537.33","O","Production- Estimated Cost","Dixon / Davis Media Group LLC","1982645","N","501333530","202606119870607848","11-JUN-26","2026","","09-JUN-26"
"H6IA02237","MITCHELL, JOE","C00492140","AB PAC","G","IA","02","H","REPUBLICAN PARTY","19373.33","","189537.33","O","Production- Estimated Cost","Dixon / Davis Media Group LLC","1982645","N","501333531","202606119870607848","11-JUN-26","2026","","09-JUN-26"
"H6IA02237","MITCHELL, JOE","C00492140","AB PAC","G","IA","02","H","REPUBLICAN PARTY","16584","","418926.98","O","Radio Advertising- Estimate Cost","K Squared Media LLC","2002862","N","501346910","202607309899238874","30-JUL-26","2026","","28-JUL-26"
"H6IA02237","MITCHELL, JOE","C00492140","AB PAC","G","IA","02","H","REPUBLICAN PARTY","56000","","418926.98","O","Digital Advertising- Estimated Cost","Berni Consulting LLC","2002862","N","501346901","202607309899238868","30-JUL-26","2026","","28-JUL-26"
"H6IA02237","MITCHELL, JOE","C00492140","AB PAC","G","IA","02","H","REPUBLICAN PARTY","10108.66","","255645.99","O","Production- Estimated Cost","Dixon / Davis Media Group LLC","1998588","N","501346162","202607169890851541","16-JUL-26","2026","","14-JUL-26"
"H6IA02237","MITCHELL, JOE","C00492140","AB PAC","G","IA","02","H","REPUBLICAN PARTY","7000","","892779.75","O","Production- Estimated Cost","Berni Consulting LLC","2016124","N","501359815","202610019908503369","01-OCT-26","2026","","29-SEP-26"
"H6IA02237","MITCHELL, JOE","C00492140","AB PAC","G","IA","02","H","REPUBLICAN PARTY","56000","","346342.98","O","Digital Advertising- Estimated Cost","Berni Consulting LLC","2001610","N","501346888","202607239894439832","23-JUL-26","2026","","21-JUL-26"
"H6IA02237","MITCHELL, JOE","C00492140","AB PAC","G","IA","02","H","REPUBLICAN PARTY","5179.8","","675186.25","O","Production- Estimated Cost","Dixon / Davis Media Group LLC","2006374","N","501349975","202608149899508917","14-AUG-26","2026","","12-AUG-26"
"H6IA02237","MITCHELL, JOE","C00492140","AB PAC","G","IA","02","H","REPUBLICAN PARTY","16583","","670006.45","O","Radio Advertising- Estimate Cost","K Squared Media LLC","2006098","N","501346918","202608139899498529","13-AUG-26","2026","","11-AUG-26"
"H6IA02237","MITCHELL, JOE","C00492140","AB PAC","G","IA","02","H","REPUBLICAN PARTY","56000","","670006.45","O","Digital Advertising- Estimated Cost","Berni Consulting LLC","2006098","N","501348370","202608139899498524","13-AUG-26","2026","","11-AUG-26"
"H6IA02237","MITCHELL, JOE","C00492140","AB PAC","G","IA","02","H","REPUBLICAN PARTY","34696.99","","346342.98","O","Mail- Estimated Cost","Berni Consulting LLC","2001610","N","501346899","202607239894439837","23-JUL-26","2026","","23-JUL-26"
"H6IA02237","MITCHELL, JOE","C00492140","AB PAC","G","IA","02","H","REPUBLICAN PARTY","34696.99","","346342.98","O","Mail- Actual Cost","Berni Consulting LLC","2009567","A1","501346899","202608249903385429","24-AUG-26","2026","2001610","23-JUL-26"
"H6IA02237","MITCHELL, JOE","C00492140","AB PAC","G","IA","02","H","REPUBLICAN PARTY","1822.5","","562726.46","O","Production- Estimated Cost","Berni Consulting LLC","2005235","N","501349106","202608099899425283","09-AUG-26","2026","","07-AUG-26"
"H6IA02237","MITCHELL, JOE","C00492140","AB PAC","G","IA","02","H","REPUBLICAN PARTY","34696.99","","597423.45","O","Mail- Estimated Cost","Berni Consulting LLC","2005869","N","501348764","202608129899491224","12-AUG-26","2026","","10-AUG-26"
"H6IA02237","MITCHELL, JOE","C00492140","AB PAC","G","IA","02","H","REPUBLICAN PARTY","10593.5","","785779.75","O","Production- Estimated Cost","Dixon / Davis Media Group LLC","2015184","N","501358211","202609259908418575","25-SEP-26","2026","","24-SEP-26"
"H6IA02237","MITCHELL, JOE","C00492140","AB PAC","G","IA","02","H","REPUBLICAN PARTY","100000","","775186.25","O","Digital Advertising- Estimated Cost","Berni Consulting LLC","2015018","N","501356753","202609249908392191","24-SEP-26","2026","","22-SEP-26"
"H6IA02237","MITCHELL, JOE","C00492140","AB PAC","G","IA","02","H","REPUBLICAN PARTY","56000","","346342.98","O","Digital Advertising- Actual Cost","Berni Consulting LLC","2009567","A1","501346888","202608249903385424","24-AUG-26","2026","2001610","21-JUL-26"
"H6IA02237","MITCHELL, JOE","C00492140","AB PAC","G","IA","02","H","REPUBLICAN PARTY","56000","","255645.99","O","Digital Advertising- Estimated Cost","Berni Consulting LLC","1998588","N","501346155","202607169890851538","16-JUL-26","2026","","14-JUL-26"
"H6IA02237","MITCHELL, JOE","C00492140","AB PAC","G","IA","02","H","REPUBLICAN PARTY","16583","","560903.96","O","Radio Advertising- Estimate Cost","K Squared Media LLC","2004534","N","501346914","202608069899369258","06-AUG-26","2026","","04-AUG-26"
"H6IA02237","MITCHELL, JOE","C00492140","AB PAC","G","IA","02","H","REPUBLICAN PARTY","56000","","560903.96","O","Digital Advertising- Estimated Cost","Berni Consulting LLC","2004534","N","501348358","202608069899369254","06-AUG-26","2026","","04-AUG-26"
"H6IA02237","MITCHELL, JOE","C00492140","AB PAC","G","IA","02","H","REPUBLICAN PARTY","34696.99","","488320.96","O","Mail- Estimated Cost","Berni Consulting LLC","2003832","N","501348355","202608039899321483","03-AUG-26","2026","","01-AUG-26"
"H6IA02237","MITCHELL, JOE","C00492140","AB PAC","G","IA","02","H","REPUBLICAN PARTY","34696.99","","488320.96","O","Mail- Estimated Cost","Berni Consulting LLC","2009572","A1","501348352","202608249903385562","24-AUG-26","2026","2003832","01-AUG-26"
