column,reason,spender,candidate,race,election_type,amount,date,file_num,tran_id
TRUMP,No usable party or support/oppose,NO GOING BACK PAC INC.,BILL HILL,AK00,G,18955.35,2026-09-30,2015798,SE.1185995.2
TRUMP,No usable party or support/oppose,NO GOING BACK PAC INC.,BILL HILL,AK00,G,2150.92,2026-09-28,2015798,SE.1185770
TRUMP,No usable party or support/oppose,NO GOING BACK PAC INC.,BILL HILL,AK00,G,624.52,2026-09-25,2015290,SE.1184724
TRUMP,No usable party or support/oppose,NO GOING BACK PAC INC.,BILL HILL,AK00,G,693.96,2026-09-22,2014920,SE.1183579
TRUMP,No usable party or support/oppose,NO GOING BACK PAC INC.,BILL HILL,AK00,G,56866.05,2026-09-18,2014430,SE.1180964.2
TRUMP,No usable party or support/oppose,NO GOING BACK PAC INC.,BILL HILL,AK00,G,37910.7,2026-09-12,2011729,SE.1179391.2
TRUMP,No usable party or support/oppose,NO GOING BACK PAC INC.,BILL HILL,AK00,G,18955.35,2026-09-04,2010925,SE.1178006
TRUMP,Coded as primary or other election,MAGA INC.,"FULLER, CLAY",GA14,S,8950.44,2026-03-10,1952643,SE.5218
TRUMP,Coded as primary or other election,MAGA INC.,"FULLER, CLAY",GA14,S,8950.44,2026-03-09,1952643,SE.5216
TRUMP,Coded as primary or other election,MAGA INC.,"VAN EPPS, MATTHEW ROBERT",TN07,S,11473.8,2025-12-01,1927215,SE.4743
TRUMP,Coded as primary or other election,MAGA INC.,"BEHN, AFTYN",TN07,S,1750.68,2025-11-29,1927018,SE.4737
TRUMP,Coded as primary or other election,MAGA INC.,"VAN EPPS, MATTHEW ROBERT",TN07,S,11942.76,2025-11-29,1927018,SE.4738
TRUMP,Coded as primary or other election,MAGA INC.,"VAN EPPS, MATTHEW ROBERT",TN07,S,68018.67,2025-11-29,1927018,SE.4740
TRUMP,Coded as primary or other election,MAGA INC.,"BEHN, AFTYN",TN07,S,200035.0,2025-11-26,1926971,SE.4733
TRUMP,Coded as primary or other election,MAGA INC.,"BEHN, AFTYN",TN07,S,40035.0,2025-11-25,1926853,SE.4730
TRUMP,Coded as primary or other election,MAGA INC.,"BEHN, AFTYN",TN07,S,6189.79,2025-11-24,1926853,SE.4727
TRUMP,Coded as primary or other election,MAGA INC.,"VAN EPPS, MATTHEW ROBERT",TN07,S,6189.79,2025-11-24,1926853,SE.4726
TRUMP,Coded as primary or other election,MAGA INC.,"VAN EPPS, MATTHEW ROBERT",TN07,S,77008.3,2025-11-24,1926853,SE.4728
TRUMP,Coded as primary or other election,MAGA INC.,"BEHN, AFTYN",TN07,S,227535.0,2025-11-21,1926651,SE.4720
TRUMP,Coded as primary or other election,MAGA INC.,"BEHN, AFTYN",TN07,S,2292.4,2025-11-21,1926651,SE.4718
TRUMP,Coded as primary or other election,MAGA INC.,"VAN EPPS, MATTHEW ROBERT",TN07,S,2292.41,2025-11-21,1926651,SE.4717
TRUMP,Coded as primary or other election,MAGA INC.,"BEHN, AFTYN",TN07,S,1675.0,2025-11-19,1925683,SE.4705
TRUMP,Coded as primary or other election,MAGA INC.,"BEHN, AFTYN",TN07,S,13000.0,2025-11-19,1925683,SE.4706
TRUMP,Coded as primary or other election,MAGA INC.,"BEHN, AFTYN",TN07,S,43550.0,2025-11-19,1925683,SE.4700
TRUMP,Coded as primary or other election,MAGA INC.,"BEHN, AFTYN",TN07,S,80000.0,2025-11-19,1925683,SE.4701
TRUMP,Coded as primary or other election,MAGA INC.,"BEHN, AFTYN",TN07,S,197690.79,2025-11-19,1925683,SE.4698
TRUMP,Coded as primary or other election,MAGA INC.,"BEHN, AFTYN",TN07,S,2310.0,2025-11-19,1925683,SE.4703
TRUMP,Coded as primary or other election,MAGA INC.,"VAN EPPS, MATTHEW ROBERT",TN07,S,4690.0,2025-11-19,1925683,SE.4702
TRUMP,Coded as primary or other election,MAGA INC.,"VAN EPPS, MATTHEW ROBERT",TN07,S,21450.0,2025-11-19,1925683,SE.4699
TRUMP,Coded as primary or other election,MAGA INC.,"VAN EPPS, MATTHEW ROBERT",TN07,S,401372.21,2025-11-19,1925683,SE.4697
TRUMP,Coded as primary or other election,MAGA INC.,"VAN EPPS, MATTHEW ROBERT",TN07,S,825.0,2025-11-19,1925683,SE.4704
TRUMP,Coded as primary or other election,MAGA INC.,"VAN EPPS, MATTHEW ROBERT",TN07,S,2340.4,2025-11-19,1926219,SE.4709
TRUMP,Coded as primary or other election,MAGA INC.,"VAN EPPS, MATTHEW ROBERT",TN07,S,5329.31,2025-11-19,1926219,SE.4711
TRUMP,Coded as primary or other election,MAGA INC.,"BEHN, AFTYN",TN07,S,1500.0,2025-11-18,1925506,SE.4682
TRUMP,Coded as primary or other election,MAGA INC.,"BEHN, AFTYN",TN07,S,28900.0,2025-11-18,1925506,SE.4680
TRUMP,Coded as primary or other election,MAGA INC.,"VAN EPPS, MATTHEW ROBERT",TN07,S,6000.0,2025-11-18,1925506,SE.4681
TRUMP,Coded as primary or other election,MAGA INC.,"VAN EPPS, MATTHEW ROBERT",TN07,S,115600.0,2025-11-18,1925506,SE.4679
TRUMP,Coded as primary or other election,MAGA INC.,"VAN EPPS, MATTHEW ROBERT",TN07,S,5471.38,2025-11-15,1924972,SE.4671
TRUMP,Coded as primary or other election,MAGA INC.,"VAN EPPS, MATTHEW ROBERT",TN07,S,88357.95,2025-11-15,1924972,SE.4669
TRUMP,Coded as primary or other election,MAGA INC.,"VAN EPPS, MATTHEW ROBERT",TN07,S,15535.35,2025-11-13,1924839,SE.4666
HMP,No usable party or support/oppose,HMP,THOMAS KEAN,NJ07,G,257400.0,2026-09-29,2016167,500682720
HMP,No usable party or support/oppose,HMP,THOMAS KEAN,NJ07,G,113400.0,2026-09-29,2016167,500682721
HMP,No usable party or support/oppose,HMP,THOMAS KEAN,NJ07,G,6000.0,2026-09-23,2015189,500681579
HMP,No usable party or support/oppose,HMP,THOMAS KEAN,NJ07,G,850.0,2026-09-23,2015189,500681565
HMP,No usable party or support/oppose,HMP,THOMAS KEAN,NJ07,G,265675.0,2026-09-22,2015100,500681460
HMP,No usable party or support/oppose,HMP,THOMAS KEAN,NJ07,G,103680.0,2026-09-22,2015100,500681532
HMP,No usable party or support/oppose,HMP,THOMAS KEAN,NJ07,G,15341.59,2026-09-22,2015100,500681439
HMP,No usable party or support/oppose,HMP,THOMAS KEAN,NJ07,G,211403.0,2026-09-15,2014099,500680133
HMP,No usable party or support/oppose,HMP,THOMAS KEAN,NJ07,G,62040.0,2026-09-15,2014099,500680118
HMP,No usable party or support/oppose,HMP,THOMAS KEAN,NJ07,G,13458.23,2026-09-15,2014099,500680119
HMP,No usable party or support/oppose,HMP,THOMAS KEAN,NJ07,G,9199.0,2026-09-15,2014099,500680134
HMP,Coded as primary or other election,HMP,"Van Epps, Matthew",TN07,O,444960.0,2025-11-22,1926670,500620372
HMP,Coded as primary or other election,HMP,"Behn, Aftyn",TN07,O,201250.0,2025-11-21,1926670,500620368
HMP,Coded as primary or other election,HMP,"Behn, Aftyn",TN07,O,6013.09,2025-11-21,1926670,500620371
HMP,Coded as primary or other election,HMP,"Van Epps, Matthew",TN07,O,44375.0,2025-11-21,1926670,500620373
HMP,Coded as primary or other election,HMP,"Van Epps, Matthew",TN07,O,223750.0,2025-11-21,1926670,500620369
HMP,Coded as primary or other election,HMP,"Van Epps, Matthew",TN07,O,10528.03,2025-11-21,1926670,500620370
CLF,No usable party or support/oppose,CLF,DON DAVIS,NC01,G,13000.0,2026-09-29,2016060,SE24.5930
CLF,No usable party or support/oppose,CLF,M. C. MARCY KAPTUR,OH09,G,15000.0,2026-09-29,2016060,SE24.5933
CLF,No usable party or support/oppose,CLF,KRISTEN MCDONALD RIVET,MI08,G,72991.18,2026-09-29,2016060,SE24.5936
CLF,No usable party or support/oppose,CLF,GABRIEL VASQUEZ,NM02,G,13000.0,2026-09-29,2016060,SE24.5928
CLF,No usable party or support/oppose,CLF,RANDY VILLEGAS,CA22,G,13000.0,2026-09-29,2016060,SE24.5934
CLF,No usable party or support/oppose,CLF,PAIGE COGNETTI,PA08,G,60000.0,2026-09-28,2015789,SE24.5893
CLF,No usable party or support/oppose,CLF,PAIGE COGNETTI,PA08,G,13000.0,2026-09-28,2015789,SE24.5892
CLF,No usable party or support/oppose,CLF,M. C. MARCY KAPTUR,OH09,G,89482.5,2026-09-26,2015465,SE24.5874
CLF,No usable party or support/oppose,CLF,WILLIAM LAWRENCE,MI07,G,7833.81,2026-09-26,2015465,SE24.4875
CLF,No usable party or support/oppose,CLF,ELAINE LURIA,VA02,G,13000.0,2026-09-26,2015465,SE24.4873
CLF,No usable party or support/oppose,CLF,SARAH TRONE GARRIOTT,IA03,G,13964.75,2026-09-26,2015465,SE24.4876
CLF,No usable party or support/oppose,CLF,GABRIEL VASQUEZ,NM02,G,699.46,2026-09-26,2015465,SE24.4874
CLF,No usable party or support/oppose,CLF,DENISE POWELL,NE02,G,13000.0,2026-09-25,2015350,SE24.4865
CLF,No usable party or support/oppose,CLF,MANNY RUTINEL,CO08,G,13000.0,2026-09-25,2015350,SE24.4869
CLF,No usable party or support/oppose,CLF,AMISH SHAH,AZ01,G,13000.0,2026-09-25,2015350,SE24.5870
CLF,No usable party or support/oppose,CLF,SARAH TRONE GARRIOTT,IA03,G,13000.0,2026-09-25,2015350,SE24.4867
CLF,No usable party or support/oppose,CLF,GABRIEL VASQUEZ,NM02,G,13000.0,2026-09-24,2015298,SE24.4868
CLF,No usable party or support/oppose,CLF,CHRISTINA BOHANNAN,IA01,G,561711.49,2026-09-23,2015245,SE24.4817
CLF,No usable party or support/oppose,CLF,CHRISTINA BOHANNAN,IA01,G,200035.0,2026-09-23,2015245,SE24.4827
CLF,No usable party or support/oppose,CLF,BOB BROOKS,PA07,G,200000.0,2026-09-23,2015245,SE24.4802
CLF,No usable party or support/oppose,CLF,BOB BROOKS,PA07,G,13000.0,2026-09-23,2015245,SE24.4863
CLF,No usable party or support/oppose,CLF,BOB BROOKS,PA07,G,912416.15,2026-09-23,2015245,SE24.4848
CLF,No usable party or support/oppose,CLF,PAIGE COGNETTI,PA08,G,375586.65,2026-09-23,2015245,SE24.4849
CLF,No usable party or support/oppose,CLF,PAIGE COGNETTI,PA08,G,175000.0,2026-09-23,2015245,SE24.4804
CLF,No usable party or support/oppose,CLF,CAIT CONLEY,NY17,G,928807.13,2026-09-23,2015245,SE24.4845
CLF,No usable party or support/oppose,CLF,CAIT CONLEY,NY17,G,225000.0,2026-09-23,2015245,SE24.4805
CLF,No usable party or support/oppose,CLF,CAIT CONLEY,NY17,G,13000.0,2026-09-23,2015245,SE24.4871
CLF,No usable party or support/oppose,CLF,CAIT CONLEY,NY17,G,5000.0,2026-09-23,2015245,SE24.4870
CLF,No usable party or support/oppose,CLF,REBECCA COOKE,WI03,G,663415.64,2026-09-23,2015245,SE24.4825
CLF,No usable party or support/oppose,CLF,REBECCA COOKE,WI03,G,175000.0,2026-09-23,2015245,SE24.4793
CLF,No usable party or support/oppose,CLF,REBECCA COOKE,WI03,G,13000.0,2026-09-23,2015245,SE24.4853
CLF,No usable party or support/oppose,CLF,HENRY CUELLAR,TX28,G,175000.0,2026-09-23,2015245,SE24.4796
CLF,No usable party or support/oppose,CLF,HENRY CUELLAR,TX28,G,102500.0,2026-09-23,2015245,SE24.4861
CLF,No usable party or support/oppose,CLF,HENRY CUELLAR,TX28,G,13000.0,2026-09-23,2015245,SE24.4857
CLF,No usable party or support/oppose,CLF,HENRY CUELLAR,TX28,G,735559.99,2026-09-23,2015245,SE24.4859
CLF,No usable party or support/oppose,CLF,DON DAVIS,NC01,G,895003.04,2026-09-23,2015245,SE24.4844
CLF,No usable party or support/oppose,CLF,DON DAVIS,NC01,G,225000.0,2026-09-23,2015245,SE24.4810
CLF,No usable party or support/oppose,CLF,MATT DUNLAP,ME02,G,125000.0,2026-09-23,2015245,SE24.4808
CLF,No usable party or support/oppose,CLF,MATT DUNLAP,ME02,G,585679.57,2026-09-23,2015245,SE24.4843
CLF,No usable party or support/oppose,CLF,MARIE GLUESENKAMP PEREZ,WA03,G,420187.68,2026-09-23,2015245,SE24.4851
CLF,No usable party or support/oppose,CLF,MARIE GLUESENKAMP PEREZ,WA03,G,225000.0,2026-09-23,2015245,SE24.4807
CLF,No usable party or support/oppose,CLF,VICENTE GONZALEZ,TX34,G,13000.0,2026-09-23,2015245,SE24.4838
CLF,No usable party or support/oppose,CLF,VICENTE GONZALEZ,TX34,G,88500.0,2026-09-23,2015245,SE24.4862
CLF,No usable party or support/oppose,CLF,VICENTE GONZALEZ,TX34,G,177500.0,2026-09-23,2015245,SE24.4803
CLF,No usable party or support/oppose,CLF,VICENTE GONZALEZ,TX34,G,601465.38,2026-09-23,2015245,SE24.4860
CLF,No usable party or support/oppose,CLF,ADAM GRAY,CA13,G,150000.0,2026-09-23,2015245,SE24.4812
CLF,No usable party or support/oppose,CLF,ADAM GRAY,CA13,G,466620.2,2026-09-23,2015245,SE24.4815
CLF,No usable party or support/oppose,CLF,CHRISTINA HINES,MI10,G,13000.0,2026-09-23,2015245,SE24.4872
CLF,No usable party or support/oppose,CLF,CHRISTINA HINES,MI10,G,1091606.57,2026-09-23,2015245,SE24.4821
CLF,No usable party or support/oppose,CLF,CHRISTINA HINES,MI10,G,200035.0,2026-09-23,2015245,SE24.4826
CLF,No usable party or support/oppose,CLF,M. C. MARCY KAPTUR,OH09,G,175000.0,2026-09-23,2015245,SE24.4806
CLF,No usable party or support/oppose,CLF,M. C. MARCY KAPTUR,OH09,G,378446.4,2026-09-23,2015245,SE24.4847
CLF,No usable party or support/oppose,CLF,GREG LANDSMAN,OH01,G,575758.08,2026-09-23,2015245,SE24.4846
CLF,No usable party or support/oppose,CLF,GREG LANDSMAN,OH01,G,175000.0,2026-09-23,2015245,SE24.4809
CLF,No usable party or support/oppose,CLF,GREG LANDSMAN,OH01,G,13000.0,2026-09-23,2015245,SE24.4864
CLF,No usable party or support/oppose,CLF,WILLIAM LAWRENCE,MI07,G,467519.63,2026-09-23,2015245,SE24.4819
CLF,No usable party or support/oppose,CLF,WILLIAM LAWRENCE,MI07,G,225035.0,2026-09-23,2015245,SE24.4828
CLF,No usable party or support/oppose,CLF,ELAINE LURIA,VA02,G,338523.37,2026-09-23,2015245,SE24.4850
CLF,No usable party or support/oppose,CLF,ELAINE LURIA,VA02,G,175000.0,2026-09-23,2015245,SE24.4801
CLF,No usable party or support/oppose,CLF,KRISTEN MCDONALD RIVET,MI08,G,284168.15,2026-09-23,2015245,SE24.4820
CLF,No usable party or support/oppose,CLF,KRISTEN MCDONALD RIVET,MI08,G,100000.0,2026-09-23,2015245,SE24.4792
CLF,No usable party or support/oppose,CLF,JOANNA MENDOZA,AZ06,G,271907.8,2026-09-23,2015245,SE24.4841
CLF,No usable party or support/oppose,CLF,JOANNA MENDOZA,AZ06,G,160000.0,2026-09-23,2015245,SE24.4795
CLF,No usable party or support/oppose,CLF,DENISE POWELL,NE02,G,256553.1,2026-09-23,2015245,SE24.4822
CLF,No usable party or support/oppose,CLF,MANNY RUTINEL,CO08,G,670421.34,2026-09-23,2015245,SE24.4842
CLF,No usable party or support/oppose,CLF,MANNY RUTINEL,CO08,G,250000.0,2026-09-23,2015245,SE24.4800
CLF,No usable party or support/oppose,CLF,AMISH SHAH,AZ01,G,200000.0,2026-09-23,2015245,SE24.4798
CLF,No usable party or support/oppose,CLF,AMISH SHAH,AZ01,G,820025.39,2026-09-23,2015245,SE24.4840
CLF,No usable party or support/oppose,CLF,JANELLE STELSON,PA10,G,367262.33,2026-09-23,2015245,SE24.4823
CLF,No usable party or support/oppose,CLF,JANELLE STELSON,PA10,G,200000.0,2026-09-23,2015245,SE24.4813
CLF,No usable party or support/oppose,CLF,SARAH TRONE GARRIOTT,IA03,G,175035.0,2026-09-23,2015245,SE24.4824
CLF,No usable party or support/oppose,CLF,SARAH TRONE GARRIOTT,IA03,G,256749.6,2026-09-23,2015245,SE24.4818
CLF,No usable party or support/oppose,CLF,GABRIEL VASQUEZ,NM02,G,318045.33,2026-09-23,2015245,SE24.4834
CLF,No usable party or support/oppose,CLF,GABRIEL VASQUEZ,NM02,G,175000.0,2026-09-23,2015245,SE24.4837
CLF,No usable party or support/oppose,CLF,RANDY VILLEGAS,CA22,G,722297.35,2026-09-23,2015245,SE24.4816
CLF,No usable party or support/oppose,CLF,RANDY VILLEGAS,CA22,G,160000.0,2026-09-23,2015245,SE24.4814
CLF,No usable party or support/oppose,CLF,RANDY VILLEGAS,CA22,G,13000.0,2026-09-23,2015245,SE24.4858
CLF,No usable party or support/oppose,CLF,HENRY CUELLAR,TX28,G,60000.0,2026-09-22,2015078,SE24.4855
CLF,No usable party or support/oppose,CLF,HENRY CUELLAR,TX28,G,13000.0,2026-09-22,2015078,SE24.4854
CLF,No usable party or support/oppose,CLF,MARIE GLUESENKAMP PEREZ,WA03,G,13000.0,2026-09-22,2015078,SE24.4856
CLF,No usable party or support/oppose,CLF,JANELLE STELSON,PA10,G,9418.0,2026-09-22,2015078,SE24.4866
CLF,No usable party or support/oppose,CLF,CHRISTINA BOHANNAN,IA01,G,26500.0,2026-09-21,2014938,SE24.4811
CLF,No usable party or support/oppose,CLF,M. C. MARCY KAPTUR,OH09,G,13000.0,2026-09-21,2014938,SE24.4797
CLF,No usable party or support/oppose,CLF,WILLIAM LAWRENCE,MI07,G,13000.0,2026-09-21,2014938,SE24.4833
CLF,No usable party or support/oppose,CLF,WILLIAM LAWRENCE,MI07,G,404.0,2026-09-20,2014820,SE24.4832
CLF,No usable party or support/oppose,CLF,CHRISTINA BOHANNAN,IA01,G,2525.75,2026-09-19,2014715,SE24.4831
CLF,No usable party or support/oppose,CLF,JOANNA MENDOZA,AZ06,G,12000.0,2026-09-19,2014715,SE24.4799
CLF,No usable party or support/oppose,CLF,SARAH TRONE GARRIOTT,IA03,G,2525.75,2026-09-19,2014715,SE24.4830
CLF,No usable party or support/oppose,CLF,GABRIEL VASQUEZ,NM02,G,347.98,2026-09-19,2014715,SE24.4829
CLF,No usable party or support/oppose,CLF,RANDY VILLEGAS,CA22,G,60000.0,2026-09-19,2014715,SE24.4836
CLF,No usable party or support/oppose,CLF,RANDY VILLEGAS,CA22,G,13000.0,2026-09-19,2014715,SE24.4835
CLF,No usable party or support/oppose,CLF,DENISE POWELL,NE02,G,13000.0,2026-09-17,2014111,SE24.4794
CLF,No usable party or support/oppose,CLF,MANNY RUTINEL,CO08,G,13000.0,2026-09-17,2014111,SE24.4781
CLF,No usable party or support/oppose,CLF,MANNY RUTINEL,CO08,G,60000.0,2026-09-17,2014111,SE24.4788
CLF,No usable party or support/oppose,CLF,CHRISTINA BOHANNAN,IA01,G,559871.1,2026-09-16,2013953,SE24.3773
CLF,No usable party or support/oppose,CLF,CHRISTINA BOHANNAN,IA01,G,200035.0,2026-09-16,2013953,SE24.3770
CLF,No usable party or support/oppose,CLF,PAIGE COGNETTI,PA08,G,175000.0,2026-09-16,2013953,SE24.3758
CLF,No usable party or support/oppose,CLF,PAIGE COGNETTI,PA08,G,359876.48,2026-09-16,2013953,SE24.3789
CLF,No usable party or support/oppose,CLF,PAIGE COGNETTI,PA08,G,13000.0,2026-09-16,2013953,SE24.3783
CLF,No usable party or support/oppose,CLF,CAIT CONLEY,NY17,G,225000.0,2026-09-16,2013953,SE24.3755
CLF,No usable party or support/oppose,CLF,HENRY CUELLAR,TX28,G,175000.0,2026-09-16,2013953,SE24.3756
CLF,No usable party or support/oppose,CLF,HENRY CUELLAR,TX28,G,87785.1,2026-09-16,2013953,SE24.3790
CLF,No usable party or support/oppose,CLF,DON DAVIS,NC01,G,13000.0,2026-09-16,2013953,SE24.4790
CLF,No usable party or support/oppose,CLF,DON DAVIS,NC01,G,225000.0,2026-09-16,2013953,SE24.3757
CLF,No usable party or support/oppose,CLF,DON DAVIS,NC01,G,895007.66,2026-09-16,2013953,SE24.3787
CLF,No usable party or support/oppose,CLF,MATT DUNLAP,ME02,G,585757.98,2026-09-16,2013953,SE24.3786
CLF,No usable party or support/oppose,CLF,MATT DUNLAP,ME02,G,75000.0,2026-09-16,2013953,SE24.3754
CLF,No usable party or support/oppose,CLF,MATT DUNLAP,ME02,G,13000.0,2026-09-16,2013953,SE24.4789
CLF,No usable party or support/oppose,CLF,MARIE GLUESENKAMP PEREZ,WA03,G,225000.0,2026-09-16,2013953,SE24.3761
CLF,No usable party or support/oppose,CLF,MARIE GLUESENKAMP PEREZ,WA03,G,407138.92,2026-09-16,2013953,SE24.3793
CLF,No usable party or support/oppose,CLF,VICENTE GONZALEZ,TX34,G,177500.0,2026-09-16,2013953,SE24.3763
CLF,No usable party or support/oppose,CLF,VICENTE GONZALEZ,TX34,G,680929.54,2026-09-16,2013953,SE24.3791
CLF,No usable party or support/oppose,CLF,ADAM GRAY,CA13,G,466846.2,2026-09-16,2013953,SE24.3771
CLF,No usable party or support/oppose,CLF,ADAM GRAY,CA13,G,150000.0,2026-09-16,2013953,SE24.3767
CLF,No usable party or support/oppose,CLF,ADAM GRAY,CA13,G,13000.0,2026-09-16,2013953,SE24.4787
CLF,No usable party or support/oppose,CLF,M. C. MARCY KAPTUR,OH09,G,175000.0,2026-09-16,2013953,SE24.3760
CLF,No usable party or support/oppose,CLF,M. C. MARCY KAPTUR,OH09,G,379350.45,2026-09-16,2013953,SE24.3788
CLF,No usable party or support/oppose,CLF,WILLIAM LAWRENCE,MI07,G,457464.37,2026-09-16,2013953,SE24.3776
CLF,No usable party or support/oppose,CLF,WILLIAM LAWRENCE,MI07,G,225035.0,2026-09-16,2013953,SE24.3769
CLF,No usable party or support/oppose,CLF,ELAINE LURIA,VA02,G,13000.0,2026-09-16,2013953,SE24.4779
CLF,No usable party or support/oppose,CLF,ELAINE LURIA,VA02,G,338539.05,2026-09-16,2013953,SE24.3792
CLF,No usable party or support/oppose,CLF,ELAINE LURIA,VA02,G,125000.0,2026-09-16,2013953,SE24.3753
CLF,No usable party or support/oppose,CLF,KRISTEN MCDONALD RIVET,MI08,G,254694.26,2026-09-16,2013953,SE24.3777
CLF,No usable party or support/oppose,CLF,KRISTEN MCDONALD RIVET,MI08,G,100000.0,2026-09-16,2013953,SE24.3781
CLF,No usable party or support/oppose,CLF,JOANNA MENDOZA,AZ06,G,160000.0,2026-09-16,2013953,SE24.3762
CLF,No usable party or support/oppose,CLF,JOANNA MENDOZA,AZ06,G,284670.59,2026-09-16,2013953,SE24.4782
CLF,No usable party or support/oppose,CLF,DENISE POWELL,NE02,G,175000.0,2026-09-16,2013953,SE24.3782
CLF,No usable party or support/oppose,CLF,DENISE POWELL,NE02,G,256576.16,2026-09-16,2013953,SE24.3778
CLF,No usable party or support/oppose,CLF,MANNY RUTINEL,CO08,G,250000.0,2026-09-16,2013953,SE24.3759
CLF,No usable party or support/oppose,CLF,MANNY RUTINEL,CO08,G,488952.67,2026-09-16,2013953,SE24.3785
CLF,No usable party or support/oppose,CLF,AMISH SHAH,AZ01,G,820016.12,2026-09-16,2013953,SE24.3784
CLF,No usable party or support/oppose,CLF,AMISH SHAH,AZ01,G,200000.0,2026-09-16,2013953,SE24.3764
CLF,No usable party or support/oppose,CLF,AMISH SHAH,AZ01,G,13000.0,2026-09-16,2013953,SE24.4783
CLF,No usable party or support/oppose,CLF,JANELLE STELSON,PA10,G,367248.49,2026-09-16,2013953,SE24.3775
CLF,No usable party or support/oppose,CLF,JANELLE STELSON,PA10,G,200000.0,2026-09-16,2013953,SE24.3765
CLF,No usable party or support/oppose,CLF,SARAH TRONE GARRIOTT,IA03,G,252317.9,2026-09-16,2013953,SE24.3774
CLF,No usable party or support/oppose,CLF,SARAH TRONE GARRIOTT,IA03,G,175035.0,2026-09-16,2013953,SE24.3768
CLF,No usable party or support/oppose,CLF,GABRIEL VASQUEZ,NM02,G,175000.0,2026-09-16,2013953,SE24.4780
CLF,No usable party or support/oppose,CLF,GABRIEL VASQUEZ,NM02,G,20871.25,2026-09-16,2013953,SE24.4784
CLF,No usable party or support/oppose,CLF,GABRIEL VASQUEZ,NM02,G,13000.0,2026-09-16,2013953,SE24.4785
CLF,No usable party or support/oppose,CLF,GABRIEL VASQUEZ,NM02,G,13000.0,2026-09-16,2013953,SE24.3779
CLF,No usable party or support/oppose,CLF,GABRIEL VASQUEZ,NM02,G,297253.06,2026-09-16,2013953,SE24.3780
CLF,No usable party or support/oppose,CLF,RANDY VILLEGAS,CA22,G,160000.0,2026-09-16,2013953,SE24.3766
CLF,No usable party or support/oppose,CLF,RANDY VILLEGAS,CA22,G,611843.27,2026-09-16,2013953,SE24.3772
CLF,No usable party or support/oppose,CLF,SARAH TRONE GARRIOTT,IA03,G,13000.0,2026-09-14,2012425,SE24.3750
CLF,No usable party or support/oppose,CLF,CHRISTINA BOHANNAN,IA01,G,11000.0,2026-09-11,2011727,SE24.3746
CLF,No usable party or support/oppose,CLF,HENRY CUELLAR,TX28,G,13000.0,2026-09-11,2011727,SE24.3751
CLF,No usable party or support/oppose,CLF,VICENTE GONZALEZ,TX34,G,13000.0,2026-09-11,2011727,SE24.3752
CLF,No usable party or support/oppose,CLF,M. C. MARCY KAPTUR,OH09,G,13000.0,2026-09-11,2011727,SE24.3744
CLF,No usable party or support/oppose,CLF,JOANNA MENDOZA,AZ06,G,13000.0,2026-09-11,2011727,SE24.3747
CLF,No usable party or support/oppose,CLF,VICENTE GONZALEZ,TX34,G,13000.0,2026-09-10,2011684,SE24.3745
CLF,No usable party or support/oppose,CLF,VICENTE GONZALEZ,TX34,G,97060.84,2026-09-10,2011684,SE24.3737
CLF,No usable party or support/oppose,CLF,VICENTE GONZALEZ,TX34,G,150000.0,2026-09-10,2011684,SE24.3729
CLF,No usable party or support/oppose,CLF,CHRISTINA BOHANNAN,IA01,G,567629.32,2026-09-09,2011647,SE24.3713
CLF,No usable party or support/oppose,CLF,CHRISTINA BOHANNAN,IA01,G,200035.0,2026-09-09,2011647,SE24.3710
CLF,No usable party or support/oppose,CLF,PAIGE COGNETTI,PA08,G,13000.0,2026-09-09,2011647,SE24.3731
CLF,No usable party or support/oppose,CLF,PAIGE COGNETTI,PA08,G,175000.0,2026-09-09,2011647,SE24.3728
CLF,No usable party or support/oppose,CLF,PAIGE COGNETTI,PA08,G,360466.88,2026-09-09,2011647,SE24.3735
CLF,No usable party or support/oppose,CLF,CAIT CONLEY,NY17,G,225000.0,2026-09-09,2011647,SE24.3724
CLF,No usable party or support/oppose,CLF,HENRY CUELLAR,TX28,G,175000.0,2026-09-09,2011647,SE24.3723
CLF,No usable party or support/oppose,CLF,HENRY CUELLAR,TX28,G,75271.39,2026-09-09,2011647,SE24.3736
CLF,No usable party or support/oppose,CLF,MARIE GLUESENKAMP PEREZ,WA03,G,200000.0,2026-09-09,2011647,SE24.3726
CLF,No usable party or support/oppose,CLF,MARIE GLUESENKAMP PEREZ,WA03,G,13000.0,2026-09-09,2011647,SE24.3742
CLF,No usable party or support/oppose,CLF,MARIE GLUESENKAMP PEREZ,WA03,G,343809.29,2026-09-09,2011647,SE24.3738
CLF,No usable party or support/oppose,CLF,M. C. MARCY KAPTUR,OH09,G,394294.95,2026-09-09,2011647,SE24.3734
CLF,No usable party or support/oppose,CLF,M. C. MARCY KAPTUR,OH09,G,175000.0,2026-09-09,2011647,SE24.3725
CLF,No usable party or support/oppose,CLF,WILLIAM LAWRENCE,MI07,G,13000.0,2026-09-09,2011647,SE24.3709
CLF,No usable party or support/oppose,CLF,WILLIAM LAWRENCE,MI07,G,200035.0,2026-09-09,2011647,SE24.3712
CLF,No usable party or support/oppose,CLF,WILLIAM LAWRENCE,MI07,G,457464.37,2026-09-09,2011647,SE24.3717
CLF,No usable party or support/oppose,CLF,KRISTEN MCDONALD RIVET,MI08,G,252388.01,2026-09-09,2011647,SE24.3719
CLF,No usable party or support/oppose,CLF,KRISTEN MCDONALD RIVET,MI08,G,13000.0,2026-09-09,2011647,SE24.3749
CLF,No usable party or support/oppose,CLF,KRISTEN MCDONALD RIVET,MI08,G,100000.0,2026-09-09,2011647,SE24.3714
CLF,No usable party or support/oppose,CLF,JOANNA MENDOZA,AZ06,G,235957.97,2026-09-09,2011647,SE24.3732
CLF,No usable party or support/oppose,CLF,JOANNA MENDOZA,AZ06,G,160000.0,2026-09-09,2011647,SE24.3727
CLF,No usable party or support/oppose,CLF,DENISE POWELL,NE02,G,13000.0,2026-09-09,2011647,SE24.3730
CLF,No usable party or support/oppose,CLF,DENISE POWELL,NE02,G,175000.0,2026-09-09,2011647,SE24.3715
CLF,No usable party or support/oppose,CLF,DENISE POWELL,NE02,G,256590.0,2026-09-09,2011647,SE24.3720
CLF,No usable party or support/oppose,CLF,MANNY RUTINEL,CO08,G,55350.0,2026-09-09,2011647,SE24.3748
CLF,No usable party or support/oppose,CLF,MANNY RUTINEL,CO08,G,250000.0,2026-09-09,2011647,SE24.3718
CLF,No usable party or support/oppose,CLF,MANNY RUTINEL,CO08,G,484340.18,2026-09-09,2011647,SE24.3733
CLF,No usable party or support/oppose,CLF,JANELLE STELSON,PA10,G,200000.0,2026-09-09,2011647,SE24.3706
CLF,No usable party or support/oppose,CLF,JANELLE STELSON,PA10,G,367257.71,2026-09-09,2011647,SE24.3722
CLF,No usable party or support/oppose,CLF,JANELLE STELSON,PA10,G,11826.0,2026-09-09,2011647,SE24.3743
CLF,No usable party or support/oppose,CLF,SARAH TRONE GARRIOTT,IA03,G,175035.0,2026-09-09,2011647,SE24.3711
CLF,No usable party or support/oppose,CLF,SARAH TRONE GARRIOTT,IA03,G,290601.65,2026-09-09,2011647,SE24.3716
CLF,No usable party or support/oppose,CLF,RANDY VILLEGAS,CA22,G,611755.64,2026-09-09,2011647,SE24.3721
CLF,No usable party or support/oppose,CLF,RANDY VILLEGAS,CA22,G,160000.0,2026-09-09,2011647,SE24.3740
CLF,No usable party or support/oppose,CLF,RANDY VILLEGAS,CA22,G,13000.0,2026-09-09,2011647,SE24.3708
CLF,No usable party or support/oppose,CLF,CHRISTINA BOHANNAN,IA01,G,10000.0,2026-09-02,2010878,SE24.3703
CLF,No usable party or support/oppose,CLF,CHRISTINA BOHANNAN,IA01,G,537085.35,2026-09-02,2010878,SE24.3689
CLF,No usable party or support/oppose,CLF,CHRISTINA BOHANNAN,IA01,G,200035.0,2026-09-02,2010878,SE24.3692
CLF,No usable party or support/oppose,CLF,CAIT CONLEY,NY17,G,225000.0,2026-09-02,2010878,SE24.3695
CLF,No usable party or support/oppose,CLF,CAIT CONLEY,NY17,G,13000.0,2026-09-02,2010878,SE24.3705
CLF,No usable party or support/oppose,CLF,HENRY CUELLAR,TX28,G,175000.0,2026-09-02,2010878,SE24.3698
CLF,No usable party or support/oppose,CLF,HENRY CUELLAR,TX28,G,75133.01,2026-09-02,2010878,SE24.3688
CLF,No usable party or support/oppose,CLF,HENRY CUELLAR,TX28,G,13000.0,2026-09-02,2010878,SE24.3699
CLF,No usable party or support/oppose,CLF,M. C. MARCY KAPTUR,OH09,G,13000.0,2026-09-02,2010878,SE24.3697
CLF,No usable party or support/oppose,CLF,M. C. MARCY KAPTUR,OH09,G,287298.79,2026-09-02,2010878,SE24.3686
CLF,No usable party or support/oppose,CLF,M. C. MARCY KAPTUR,OH09,G,175000.0,2026-09-02,2010878,SE24.3696
CLF,No usable party or support/oppose,CLF,JOANNA MENDOZA,AZ06,G,235795.61,2026-09-02,2010878,SE24.3701
CLF,No usable party or support/oppose,CLF,JOANNA MENDOZA,AZ06,G,160000.0,2026-09-02,2010878,SE24.3694
CLF,No usable party or support/oppose,CLF,JOANNA MENDOZA,AZ06,G,10000.0,2026-09-02,2010878,SE24.3704
CLF,No usable party or support/oppose,CLF,MANNY RUTINEL,CO08,G,13000.0,2026-09-02,2010878,SE24.3700
CLF,No usable party or support/oppose,CLF,MANNY RUTINEL,CO08,G,250000.0,2026-09-02,2010878,SE24.3693
CLF,No usable party or support/oppose,CLF,SARAH TRONE GARRIOTT,IA03,G,13000.0,2026-09-02,2010878,SE24.3702
CLF,No usable party or support/oppose,CLF,SARAH TRONE GARRIOTT,IA03,G,222613.4,2026-09-02,2010878,SE24.3690
CLF,No usable party or support/oppose,CLF,SARAH TRONE GARRIOTT,IA03,G,175035.0,2026-09-02,2010878,SE24.3691
CLF,Coded as primary or other election,CLF,"LINCOLN, KEVIN",CA13,P,18145.92,2026-06-01,1981002,SE24.3570
CLF,Coded as primary or other election,CLF,"LINCOLN, KEVIN",CA13,P,1909.74,2026-06-01,1981002,SE24.3568
CLF,Coded as primary or other election,CLF,"VALADAO, DAVID",CA22,P,2618.49,2026-06-01,1981002,SE24.3569
CLF,Coded as primary or other election,CLF,"LINCOLN, KEVIN",CA13,P,18145.92,2026-05-28,1980364,SE24.3567
CLF,Coded as primary or other election,CLF,"LINCOLN, KEVIN",CA13,P,2181.69,2026-05-27,1980130,SE24.3565
CLF,Coded as primary or other election,CLF,"VALADAO, DAVID",CA22,P,2968.7,2026-05-27,1980130,SE24.3566
CLF,Coded as primary or other election,CLF,"VALADAO, DAVID",CA22,P,19670.49,2026-05-26,1979873,SE24.3564
CLF,Coded as primary or other election,CLF,"LINCOLN, KEVIN",CA13,P,2525.46,2026-05-22,1979235,SE24.3563
CLF,Coded as primary or other election,CLF,"VALADAO, DAVID",CA22,P,16725.3,2026-05-21,1979091,SE24.3561
CLF,Coded as primary or other election,CLF,"VILLEGAS, RANDY",CA22,P,16725.3,2026-05-21,1979091,SE24.3562
CLF,Coded as primary or other election,CLF,"VALADAO, DAVID",CA22,P,16725.3,2026-05-19,1978078,SE24.3557
CLF,Coded as primary or other election,CLF,"VILLEGAS, RANDY",CA22,P,16725.3,2026-05-19,1978078,SE24.3558
CLF,Coded as primary or other election,CLF,"VALADAO, DAVID",CA22,P,16585.8,2026-05-14,1975292,SE24.3434
CLF,Coded as primary or other election,CLF,"VILLEGAS, RANDY",CA22,P,16585.8,2026-05-14,1975292,SE24.3435
CLF,Coded as primary or other election,CLF,"VALADAO, DAVID",CA22,P,16725.3,2026-05-12,1974735,SE24.3432
CLF,Coded as primary or other election,CLF,"VILLEGAS, RANDY",CA22,P,16725.3,2026-05-12,1974735,SE24.3433
CLF,Coded as primary or other election,CLF,"VALADAO, DAVID",CA22,P,19335.15,2026-05-07,1973867,SE24.3430
CLF,Coded as primary or other election,CLF,"VILLEGAS, RANDY",CA22,P,19335.15,2026-05-07,1973867,SE24.3431
CLF,Coded as primary or other election,CLF,"VALADAO, DAVID",CA22,P,19670.49,2026-05-04,1972979,SE24.3429
