district,pres_2024_margin_r,rep,dem,CLF,NRCC,TRUMP,OTH R,HMP,DCCC,OTH D,r_total,d_total,advantage_d_minus_r,filed_last_7_days,total
FL00,,,SHAWN BETTIS,0,0,0,10000000100.0,0,0,1000000.0,10000000100.0,1000000.0,-9999000100.0,0.0,10001000100.0
CO08,,TIMOTHY GABRIEL JOSEPH EVANS,MANNY RUTINEL,2798064.19,0,1294144.0,1828500.99,2276246.22,0,2049629.85,5920709.18,4325876.07,-1594833.11,2205770.59,10246585.25
MI04,,WILLIAM P HUIZENGA,SEAN MCCANN,0,0,3989863.81,548001.15,1835869.38,0,3192829.24,4537864.96,5028698.62,490833.66,2679016.65,9566563.58
FL25,,SCOTT M. SINGER,JARED MOSKOWITZ,0,0,7354524.97,237973.34,879053.04,0,362873.23,7592498.31,1241926.27,-6350572.04,5537420.9,8834424.58
TX34,,ERIC FLORES,VICENTE GONZALEZ,2011955.76,0,1246291.44,539706.83,2892888.11,15350.0,1999309.86,3797954.03,4907547.97,1109593.94,3039449.43,8705502.0
CA22,,DAVID VALADAO,RANDY VILLEGAS,2537896.26,0,0,667801.91,2456775.47,17500.0,2569011.55,3205698.17,5043287.02,1837588.85,2523356.19,8248985.19
IA01,,MARIANNETTE JANE MILLER-MEEKS,CHRISTINA BOHANNAN,3076463.01,0,285306.81,600331.79,96656.73,0,4108999.37,3962101.61,4205656.1,243554.49,1620491.08,8167757.71
NC11,,JENNIFER BALKCOM,JAMIE AGER,0,0,2931856.2,281700.95,1527694.24,0,3105503.54,3213557.15,4633197.78,1419640.63,3620992.32,7846754.93
MI07,,THOMAS MORE BARRETT,WILLIAM LAWRENCE,2066791.18,0,145337.64,1578779.61,2255241.81,0,1394925.83,3790908.43,3650167.64,-140740.79,2237803.42,7441076.07
PA10,,SCOTT PERRY,JANELLE STELSON,1723012.53,0,782967.0,1917663.45,765554.56,0,2158755.95,4423642.98,2924310.51,-1499332.47,2509722.2,7347953.49
IA02,,JOE MITCHELL,LINDSAY JAMES,0,0,2754085.55,98474.76,1573558.58,0,2860514.46,2852560.31,4434073.04,1581512.73,1976113.88,7286633.35
NC01,,LAURIE BUCKHOUT,DON DAVIS,2266010.7,0,287892.5,103848.13,2824343.79,135177.0,1394295.33,2657751.33,4353816.12,1696064.79,1362778.11,7011567.45
NY03,,MIKE LIPETRI,THOMAS SUOZZI,0,0,6585313.16,13052.84,0,0,338408.0,6598366.0,338408.0,-6259958.0,4853273.73,6936774.0
FL14,,MIKE BELTRAN,KATHY CASTOR,0,0,3704684.82,1162263.16,608160.0,0,1364472.79,4866947.98,1972632.79,-2894315.19,4676900.36,6839580.77
OH09,,DEREK MERRIN,MARCY HON. M. C. KAPTUR,2282873.09,0,291120.0,1253811.21,1989660.73,35634.0,921759.24,3827804.3,2947053.97,-880750.33,1596166.69,6774858.27
AZ06,,JUAN CISCOMANI,JOANNA MENDOZA,1703331.97,0,275689.74,1375906.31,2015247.82,0,1161708.02,3354928.02,3176955.84,-177972.18,2153489.36,6531883.86
AZ01,,THOMAS JAMES FEELY,AMISH SHAH,2066041.51,0,949651.4,660623.78,794162.5,0,1709028.38,3676316.69,2503190.88,-1173125.81,2171664.75,6179507.57
PA08,,ROB BRESNAHAN,PAIGE COGNETTI,1719930.01,0,146649.19,652812.49,1231377.52,0,2415863.17,2519391.69,3647240.69,1127849.0,2109250.82,6166632.38
WI03,,DERRICK F. VAN ORDEN,REBECCA COOKE,851415.64,0,335594.63,571051.9,1907137.79,0,1950593.82,1758062.17,3857731.61,2099669.44,2264520.15,5615793.78
TX15,,MONICA DE LA CRUZ,BOBBY PULIDO,0,0,2510607.03,173810.44,1860297.62,0,638620.71,2684417.47,2498918.33,-185499.14,1720197.81,5183335.8
WA03,,JOHN BRAUN,MARIE GLUESENKAMP PEREZ,1847135.89,0,2281970.75,357741.25,624004.8,0,20347.62,4486847.89,644352.42,-3842495.47,2209561.2,5131200.31
VA02,,JENNIFER KIGGANS,ELAINE LURIA,0,0,838247.46,484131.42,1307847.39,0,2452819.55,1322378.88,3760666.94,2438288.06,2045070.59,5083045.82
VA01,,ROBERT J. WITTMAN,SHANNON LEIGH TAYLOR,0,0,143399.0,8931.59,1743334.23,0,2710726.57,152330.59,4454060.8,4301730.21,658661.11,4606391.39
ME02,,PAUL LEPAGE,MATT DUNLAP,1384437.55,0,46213.44,256933.76,2114988.86,40000.0,674037.75,1687584.75,2829026.61,1141441.86,1910613.13,4516611.36
OH07,,MAX MILLER,BRIAN POINDEXTER,0,0,0,352429.05,0,0,4043439.53,352429.05,4043439.53,3691010.48,2458150.59,4395868.58
NY17,,MICHAEL VINCENT LAWLER,CAIT CONLEY,1859807.13,0,112405.32,747666.45,525708.56,81988.0,925503.29,2719878.9,1533199.85,-1186679.05,1920612.71,4253078.75
IA03,,ZACH NUNN,SARAH TRONE GARRIOTT,1777913.05,0,274647.0,169177.0,753923.89,0,1249319.24,2221737.05,2003243.13,-218493.92,1012836.98,4224980.18
AK00,,NICHOLAS III BEGICH,HAFNER ERIC,0,0,132687.45,1478268.63,607153.62,0,1867579.45,1610956.08,2474733.07,863776.99,1284607.57,4085689.15
NJ07,,THOMAS H. JR. KEAN,REBECCA BENNETT,0,0,159610.44,2297162.28,0,0,1368374.89,2456772.72,1368374.89,-1088397.83,2408502.52,3825147.61
TX35,,CARLOS JR. DE LA CRUZ,JOHNNY GARCIA,0,0,3271510.83,206956.58,0,35000.0,104662.11,3478467.41,139662.11,-3338805.3,1766669.37,3618129.52
TX28,,TANO TIJERINA,HENRY R. CUELLAR,1888249.49,0,154343.46,119178.84,645472.69,100045.0,692745.32,2161771.79,1438263.01,-723508.78,1508454.76,3600034.8
MI10,,MICHAEL BOUCHARD,CHRISTINA HINES,1304641.57,0,129423.96,159246.93,553635.56,0,1433715.2,1593312.46,1987350.76,394038.3,2697190.97,3580663.22
NM02,,GREG CUNNINGHAM,GABRIEL VASQUEZ,1077451.95,0,954244.42,0,204000.0,67501.0,1048502.24,2031696.37,1320003.24,-711693.13,1524064.18,3351699.61
PA07,,RYAN EDWARD MACKENZIE,BOB BROOKS,1125416.15,0,447943.0,444058.08,573305.14,100000.0,403942.01,2017417.23,1077247.15,-940170.08,1958151.4,3094664.38
CA11,,,CONNIE CHAN,0,0,0,992859.74,0,0,2013203.39,992859.74,2013203.39,1020343.65,550886.11,3006063.13
CO05,,JEFF CRANK,JESSICA WILLOW KILLIN,0,0,1796254.0,639777.68,232472.04,0,266705.3,2436031.68,499177.34,-1936854.34,1130920.83,2935209.02
NE02,,BRINKER HARDING,DENISE POWELL,1158719.26,0,161322.69,9085.42,1365878.05,22230.0,209573.09,1329127.37,1597681.14,268553.77,506296.15,2926808.51
CA48,,JIM DESMOND,MARNI VON WILPERT,0,0,175721.84,0,2736000.16,0,0,175721.84,2736000.16,2560278.32,1004272.68,2911722.0
MT00,,AARON FLINT,SAMUEL KELLEY FORSTAG,0,0,1426519.24,711874.68,0,0,671236.63,2138393.92,671236.63,-1467157.29,2175108.48,2809630.55
CA40,,YOUNG KIM,,0,0,0,934089.6,0,0,1683190.97,934089.6,1683190.97,749101.37,611150.04,2617280.57
PA01,,BRIAN FITZPATRICK,ROBERT J HARVIE,0,119644.0,0,1275740.99,378279.67,0,568161.03,1395384.99,946440.7,-448944.29,1189442.23,2341825.69
FL13,,ANNA PAULINA LUNA,LEELA J GRAY,0,0,0,526535.79,133338.9,0,1480767.35,526535.79,1614106.25,1087570.46,1001047.04,2140642.04
OH01,,ERIC CONROY,GREG LANDSMAN,763758.08,0,453421.0,96508.71,0,172412.0,474088.31,1313687.79,646500.31,-667187.48,1007012.95,1960188.1
KY06,,RALPH A ALVARADO,ZACH DEMBO,0,0,1067524.88,29630.22,0,0,848996.61,1097155.1,848996.61,-248158.49,948159.14,1946151.71
WI01,,BRYAN GEORGE STEIL,MITCHELL BERMAN,0,0,373109.36,1234344.19,0,0,292351.72,1607453.55,292351.72,-1315101.83,289750.23,1899805.27
VA05,,JOHN J. MR. III MCGUIRE,THOMAS PERRIELLO,0,0,282512.06,268384.23,0,0,1250354.41,550896.29,1250354.41,699458.12,196839.68,1801250.7
MN01,,BRAD FINSTAD,JACOB JOHNSON,0,0,0,95996.19,0,0,1696316.92,95996.19,1696316.92,1600320.73,1588781.14,1792313.11
CA06,,KEVIN KILEY,RICHARD PAN,0,0,0,359815.0,0,0,1421715.76,359815.0,1421715.76,1061900.76,730879.73,1781530.76
OH10,,MICHAEL R REP. TURNER,KRISTINA KNICKERBOCKER,0,0,225974.0,0,0,0,1389627.21,225974.0,1389627.21,1163653.21,455584.0,1615601.21
OH15,,MIKE CAREY,DON RALPH LEONARD,0,0,181653.2,321868.8,173469.89,0,878635.51,503522.0,1052105.4,548583.4,715158.33,1555627.4
TX23,,BRANDON HERRERA,KATY PADILLA STOUT,0,118000.0,236486.5,879515.82,0,0,268000.0,1234002.32,268000.0,-966002.32,97535.37,1502002.32
CA04,,,MIKE THOMPSON,0,0,0,1377083.72,0,0,63864.0,1377083.72,63864.0,-1313219.72,102462.72,1440947.72
MI08,,THOMAS JAMES SMITH,KRISTEN MCDONALD RIVET,1190241.6,0,105247.91,118619.62,0,0,22247.62,1414109.13,22247.62,-1391861.51,587565.32,1436356.75
CA07,,,MAI VANG,0,0,0,412160.98,0,0,984499.24,412160.98,984499.24,572338.26,310526.62,1396660.22
CA13,,KEVIN J II LINCOLN,ADAM C. GRAY,1246466.4,0,76461.82,27921.05,0,0,990.54,1350849.27,990.54,-1349858.73,667554.5,1351839.81
AZ02,,ELI CRANE,JONATHAN MICHAEL NEZ,0,0,56916.6,759198.03,0,0,434364.06,816114.63,434364.06,-381750.57,144736.26,1250478.69
NV02,,DAVID FLIPPO,TERESA BENITEZ-THOMPSON,0,0,0,1206988.75,0,0,0,1206988.75,0,-1206988.75,0.0,1206988.75
SC01,,JENNY COSTA HONEYCUTT,NANCY LACORE,0,0,344942.28,804648.04,0,0,0,1149590.32,0,-1149590.32,670012.2,1149590.32
LA06,,RICK EDMONDS,,0,0,0,23753.1,0,0,1053168.41,23753.1,1053168.41,1029415.31,1064175.5,1076921.51
NH01,,ANTHONY DILORENZO,STEFANY SHAHEEN,0,0,141012.92,230339.0,0,0,534600.0,371351.92,534600.0,163248.08,222013.72,905951.92
AL02,,RHETT MARQUES,SHOMARI C. FIGURES,0,0,566427.94,220810.04,0,2580.0,115235.15,787237.98,117815.15,-669422.83,511868.86,905053.13
MI03,,TERRI DEBOER,HILLARY SCHOLTEN,0,0,0,760320.74,0,0,18063.72,760320.74,18063.72,-742257.02,18063.72,778384.46
CO03,,LAUREN BOEBERT,DWAYNE ROMERO,0,0,311140.52,459246.24,0,0,0,770386.76,0,-770386.76,3121.28,770386.76
TN07,,MATTHEW ROBERT VAN EPPS,AFTYN BEHN,0,120000.0,0,472841.07,0,0,19604.62,592841.07,19604.62,-573236.45,0.0,612445.69
CA27,,,GEORGE WHITESIDES,0,0,0,0,0,0,598649.31,0,598649.31,598649.31,0.0,598649.31
CA47,,,DAVE MIN,0,0,0,0,0,0,589147.85,0,589147.85,589147.85,0.0,589147.85
AR02,,,CHRIS JONES,0,0,0,481104.14,0,0,0,481104.14,0,-481104.14,63854.14,481104.14
NC03,,GREGORY FRANCIS MURPHY,,0,0,0,131107.63,0,0,326560.3,131107.63,326560.3,195452.67,0.0,457667.93
FL22,,CASEY ASKAR,PIA DANDIYA,0,0,295748.66,63638.0,54930.88,0,26966.47,359386.66,81897.35,-277489.31,303590.59,441284.01
NV03,,MARTY O'DONNELL,SUSIE LEE,0,0,201106.32,0,0,0,235079.79,201106.32,235079.79,33973.47,335681.91,436186.11
CA45,,MICHELLE STEEL,DEREK TRAN,0,0,0,0,0,0,427541.76,0,427541.76,427541.76,0.0,427541.76
NC09,,RICHARD L. JR. HUDSON,,0,0,0,0,0,0,365945.4,0,365945.4,365945.4,0.0,365945.4
TX09,,ALEXANDRA MEALER,LETICIA GUTIERREZ,0,0,289652.86,0,0,0,74262.87,289652.86,74262.87,-215389.99,52991.17,363915.73
OH13,,CAREY COLEMAN,EMILIA SYKES,0,0,0,34844.75,0,38744.0,282777.78,34844.75,321521.78,286677.03,301377.69,356366.53
NC05,,VIRGINIA ANN FOXX,,0,0,0,0,0,0,339958.02,0,339958.02,339958.02,0.0,339958.02
FL09,,DAN GREEN,DARREN SOTO,0,0,253246.46,10833.0,0,0,40588.14,264079.46,40588.14,-223491.32,101578.19,304667.6
OR04,,,VALERIE HOYLE,0,0,0,300000.0,0,0,0,300000.0,0,-300000.0,0.0,300000.0
NV04,,,STEVEN ALEXZANDER HORSFORD,0,0,0,0,0,0,282802.78,0,282802.78,282802.78,282802.78,282802.78
AZ04,,,GREG STANTON,0,0,0,0,0,0,282777.78,0,282777.78,282777.78,282777.78,282777.78
NJ09,,ROSEMARY PINO,NELIDA POU,0,0,227604.74,0,0,0,40040.0,227604.74,40040.0,-187564.74,153251.84,267644.74
IN05,,VICTORIA SPARTZ,,0,0,0,0,0,0,213487.0,0,213487.0,213487.0,66525.0,213487.0
VA07,,DERRICK ANDERSON,YEVGENY 'EUGENE' VINDMAN,0,0,0,0,0,0,178182.91,0,178182.91,178182.91,80000.0,178182.91
NY04,,JEANINE DRISCOLL,LAURA GILLEN,0,0,156748.42,0,0,0,0,156748.42,0,-156748.42,63409.28,156748.42
CA41,,,WILL ROLLINS,0,0,0,0,0,0,120889.75,0,120889.75,120889.75,0.0,120889.75
GA14,,CLAY FULLER,,0,120000.0,0,0,0,0,0,120000.0,0,-120000.0,0.0,120000.0
CA01,,JAMES GALLAGHER,,0,101000.0,0,0,0,0,0,101000.0,0,-101000.0,0.0,101000.0
NY23,,NICK LANGWORTHY,,0,0,0,95900.0,0,0,0,95900.0,0,-95900.0,0.0,95900.0
FL07,,RYAN ELIJAH,BALE DALTON,0,0,71823.56,10834.0,0,0,1900.0,82657.56,1900.0,-80757.56,71823.56,84557.56
SD00,,MARTY JACKLEY,,0,0,0,82059.06,0,0,0,82059.06,0,-82059.06,0.0,82059.06
FL27,,,ELIOTT RODRIGUEZ,0,0,0,45000.0,0,0,32890.55,45000.0,32890.55,-12109.45,32878.05,77890.55
NY19,,PETER KARL JR OBERACKER,JOSH RILEY,0,0,0,0,0,0,73020.97,0,73020.97,73020.97,0.0,73020.97
NY22,,,JOHN W MANNION,0,0,0,0,0,0,71376.88,0,71376.88,71376.88,0.0,71376.88
NY21,,ANTHONY THOMAS CONSTANTINO,BLAKE GENDEBIEN,0,0,0,40000.0,0,0,27201.05,40000.0,27201.05,-12798.95,0.0,67201.05
IN01,,,FRANK J. MRVAN,0,0,0,0,0,63400.0,0,0,63400.0,63400.0,0.0,63400.0
OR05,,,JANELLE BYNUM,0,0,0,0,0,0,60444.88,0,60444.88,60444.88,0.0,60444.88
CA49,,,MIKE LEVIN,0,0,0,0,0,0,60444.87,0,60444.87,60444.87,0.0,60444.87
FL12,,GUS M BILIRAKIS,KIMBERLY OVERMAN,0,0,0,59062.0,0,0,12.5,59062.0,12.5,-59049.5,59062.0,59074.5
FL06,,RANDY FINE,,0,55000.0,0,0,0,0,0,55000.0,0,-55000.0,0.0,55000.0
NY25,,,JOSEPH D MORELLE,0,0,0,0,0,0,52802.78,0,52802.78,52802.78,52802.78,52802.78
MD01,,ANDREW P HARRIS,DANIEL SCHWARTZ,0,0,0,0,0,0,49033.1,0,49033.1,49033.1,12859.15,49033.1
MD06,,,APRIL MCCLAIN DELANEY,0,0,0,42387.38,0,0,0,42387.38,0,-42387.38,0.0,42387.38
LA04,,JAMES MICHAEL JOHNSON,,0,0,0,0,0,0,41381.0,0,41381.0,41381.0,22447.5,41381.0
TX18,,,CHRISTIAN MENEFEE,0,0,0,0,0,0,41105.44,0,41105.44,41105.44,233.33,41105.44
OH05,,ROBERT EDWARD LATTA,BRIAN ALAN SHAVER,0,0,0,37722.91,0,0,0,37722.91,0,-37722.91,19560.61,37722.91
LA05,,STEWART JR. CATHEY,,0,0,0,36215.0,0,0,0,36215.0,0,-36215.0,36215.0,36215.0
NY08,,,HAKEEM JEFFRIES,0,0,0,32100.9,0,0,0,32100.9,0,-32100.9,0.0,32100.9
WI07,,MICHAEL ALFONSO,,0,0,0,30000.0,0,0,0,30000.0,0,-30000.0,30000.0,30000.0
FL21,,BRIAN MAST,,0,0,0,27000.0,0,0,0,27000.0,0,-27000.0,0.0,27000.0
WV01,,CAROL DEVINE MILLER,,0,0,0,25515.0,0,0,0,25515.0,0,-25515.0,0.0,25515.0
CA14,,,MELISSA HERNANDEZ,0,0,0,0,0,0,25132.8,0,25132.8,25132.8,178.75,25132.8
NC10,,PAT HARRIGAN,ASHLEY BELL,0,0,0,242.49,0,0,22907.87,242.49,22907.87,22665.38,11827.87,23150.36
TX02,,,SHAUN FINNIE,0,0,0,22500.0,0,0,0,22500.0,0,-22500.0,22500.0,22500.0
FL08,,MIKE HARIDOPOLOS,JENNIFER JENKINS,0,0,0,22334.0,0,0,12.5,22334.0,12.5,-22321.5,11500.0,22346.5
WA05,,MICHAEL JAMES BAUMGARTNER,,0,0,0,0,0,0,18406.14,0,18406.14,18406.14,0.0,18406.14
NC08,,MARK E HARRIS,,0,0,0,13362.19,0,0,0,13362.19,0,-13362.19,0.0,13362.19
TN09,,,JUSTIN J. PEARSON,0,0,0,0,0,0,13000.0,0,13000.0,13000.0,0.0,13000.0
TX25,,,DIONE MICHELLE SIMS,0,0,0,0,0,0,12469.22,0,12469.22,12469.22,0.0,12469.22
CA03,,ROBB TUCKER,AMERISH BERA,0,0,0,0,0,0,12305.26,0,12305.26,12305.26,12305.26,12305.26
NY13,,,DARIALIZA AVILA CHEVALIER,0,0,0,12160.98,0,0,0,12160.98,0,-12160.98,0.0,12160.98
FL16,,SYDNEY GRUTERS,,0,0,0,10833.0,0,0,0,10833.0,0,-10833.0,0.0,10833.0
FL11,,JOE STRADA,,0,0,0,10833.0,0,0,0,10833.0,0,-10833.0,0.0,10833.0
PA12,,,SUMMER LEE,0,0,0,0,0,0,10269.92,0,10269.92,10269.92,0.0,10269.92
NH02,,LILY TANG WILLIAMS,MAGGIE GOODLANDER,0,0,0,9826.99,0,0,0,9826.99,0,-9826.99,1810.76,9826.99
NY15,,,RITCHIE JOHN TORRES,0,0,0,0,0,0,5000.0,0,5000.0,5000.0,0.0,5000.0
TX29,,,SYLVIA R GARCIA,0,0,0,0,0,0,4303.36,0,4303.36,4303.36,4303.36,4303.36
IL15,,MARY MILLER,,0,0,0,0,0,0,1770.74,0,1770.74,1770.74,0.0,1770.74
FL23,,,LOIS J. FRANKEL,0,0,0,0,0,0,12.5,0,12.5,12.5,0.0,12.5
FL10,,,MAXWELL ALEJANDRO FROST,0,0,0,0,0,0,12.5,0,12.5,12.5,0.0,12.5
FL05,,,RACHEL GRAGE,0,0,0,0,0,0,12.5,0,12.5,12.5,0.0,12.5
FL20,,,DEBBIE WASSERMAN SCHULTZ,0,0,0,0,0,0,12.5,0,12.5,12.5,0.0,12.5
IL09,,,BUSHRA AMIWALA,0,0,0,0,0,0,5.8,0,5.8,5.8,0.0,5.8
